Model,Accuracy,Precision,Recall,F1 Score
Logistic Regression,0.6958,0.6973520970173714,0.6958,0.6947155826512516
Decision Tree,0.6546,0.6543330701363637,0.6546,0.6544430876700564
Random Forest,0.7172,0.719535428342893,0.7172,0.7177104523609747
Tuned Model (Extra Trees),0.7398,0.7408274667712503,0.7398,0.7401302046412905
